name,password,acid
tiyan001,0maz8y,7654f01e-834b-42c6-a5b3-56d7da1a8bf6
tiyan002,pl6mq2,0b046f03-be60-4ccd-8194-ccb314a68ef3
tiyan003,prw0qj,fe9b79e6-c49b-44c2-95c1-f32981120da4
tiyan004,b08evu,2eca7f42-1142-459d-88b2-f46200b71ed0
tiyan005,7bdyg1,a346598a-b106-46dc-9ecb-d81b155649f1
tiyan006,i5r1lj,98c68878-38d1-411b-bac6-512516bf039a
tiyan007,xpeu67,4f752b16-b85e-4b26-9773-7574ea1ef7d7
tiyan008,bx8ya5,212bdcbc-e935-4d10-a4f7-94619e980c01
tiyan009,xaryh1,7a26fa2b-d6a3-46a4-814d-2332948213b5
tiyan010,0dlpsc,85c72fd0-4cf0-4260-b7c9-6412b6997769
tiyan011,wc8ys4,bbbefdb8-0664-4ed6-943b-ba33088eba5b
tiyan012,oq0sz9,7454a1a3-9781-46f0-b873-e4ac1be0c3d9
tiyan013,4leklf,d28cec82-5df8-4874-a65d-3b7a26167a3e
tiyan014,q1g1ha,0eec4909-1e62-40ef-a5a6-694a2019f708
tiyan015,7o6kxp,e30aad5b-638c-4417-8468-37b6639e9de8
tiyan016,i4tfh3,a8cd122a-dc9f-4f91-b315-4172cf66d897
tiyan017,9ek7cq,9a863723-e051-4f97-964d-25e3b5df729b
tiyan018,cx9vf1,5fa5d06f-517d-44a8-ac3b-76dafe47a5b0
tiyan019,clqb6m,8240f914-f093-4ea1-ac87-d5dfca33daa9
tiyan020,v30psc,c34be9c6-ecad-48f1-9eb0-52d43bbeed3e
tiyan021,j9to1a,79bc6f80-4ddf-49fa-ab3c-ab73d4f74195
tiyan022,f53k0y,94f6ad67-e1f8-4bf9-98f5-249b244a3cd5
tiyan023,vexx4a,6352ecaa-eb2d-4d66-bb7c-54af6c15dea4
tiyan024,hkuipd,1b09906f-b83a-40a2-85ad-736ba0506655
tiyan025,q1vvxy,26a1060b-c750-476f-831f-2789bae7e384
tiyan026,ilzwdr,614fb2b6-d549-4dac-a4d0-6183801d986f
tiyan027,0m19a9,39844e5c-5085-4c3d-8467-9e42df5da440
tiyan028,te02h5,ded91f57-e37f-43a7-9c0b-79f48bc720ce
tiyan029,sgqfse,ffa08255-d5a0-42db-bcbd-1c0a7b43c2d5
tiyan030,cn74xs,6cfefc9e-7f47-41c3-a104-ebbb284c0af1
tiyan031,tx8usy,0fc387df-9c9c-4e91-8181-c4e61cbfa825
tiyan032,uqqwad,14030e14-e472-407b-8212-861406754206
tiyan033,fg45lx,3ff6182d-708c-4300-aaa5-122ae5051777
tiyan034,bud2op,06a46bf3-afb0-49bb-bb34-9d74b4290480
tiyan035,31rw5c,88f19c01-db88-4edd-beda-c8b99fdd9994
tiyan036,q9j1cb,9871ffda-b2c1-4cc8-bed5-9417a6b375b3
tiyan037,94j0yp,1f62e1c9-d725-4bf0-bea4-32372a080441
tiyan038,27arve,fb4d7090-a44c-41ae-9026-b337a83f2980
tiyan039,kmoc25,0d8c0eda-a227-486c-aa3a-f91a293950be
tiyan040,sjlmbf,1f31f237-3ce6-48d8-b7ba-bbd75927a225
tiyan041,norhu5,aca56c02-114c-4e36-9f7c-d2daeff52d98
tiyan042,4j5k8f,dc693c29-e9c2-43de-843c-7e03077e017c
tiyan043,5oojn6,b7379f0d-237b-4c13-a38f-3fb3ab4e43de
tiyan044,qq6k6a,1cc912fa-567d-4869-8c95-f4050d93f84f
tiyan045,8wpgwq,754d746a-e69a-4a80-bc47-7fcc68bee06a
tiyan046,h15ue3,73458b73-f991-40bb-bb2d-e36d9242bebd
tiyan047,1355xk,05518827-8447-434c-9da2-0f96eceaf7c7
tiyan048,e8xz7k,4f6b73e8-cae2-438e-94aa-8a2c2d710cee
tiyan049,40o66d,1f835573-c73c-44bb-9586-f4907a492828
tiyan050,3l2b95,d5ebc7cc-bc37-49ec-ba42-ce89910bc876
tiyan051,cw6l50,a47b34e0-240f-462e-a2b3-87a9d27ee73d
tiyan052,94b70p,457b500f-2379-4db7-a6c8-cedbbf2196ad
tiyan053,lzy14q,e97fc84d-a1f0-49a7-895c-3f05e17a8d5a
tiyan054,iqktbx,d7084ef6-5941-4301-98ae-aa95c6b119a5
tiyan055,h6h7n0,fe3b4107-d442-4416-81b0-22c816386df4
tiyan056,whjq4l,288b9bfa-3cee-493e-b29f-0d86889dea52
tiyan057,umg8d2,bb71976b-0a97-404c-bdcc-0216b728f034
tiyan058,jz33tw,ebefa2df-5739-4202-9df7-8dcfb5ff962a
tiyan059,lwarqj,0dd8d444-adb6-4781-a11c-0017f8224511
tiyan060,y99sop,29fa557e-1514-4a71-8d11-b8525211185d
tiyan061,tlu1qb,ec629d23-8d90-4f1f-824f-cb0d01ac7b1b
tiyan062,jbreye,7b217338-c46e-47ba-bb5b-fe42e5b25b1c
tiyan063,0yv0oy,bb545c1b-632a-443c-8d4a-1e84e4556f6d
tiyan064,fmp1o9,e9dd308d-8f50-4a7a-a148-3285d5ba11f4
tiyan065,3g0w8q,17366ccc-d739-454c-a777-e475d34aa5e9
tiyan066,n0me7t,1f2f3ceb-0e26-4468-b52a-22bb73be45f4
tiyan067,4cz4tv,6ef092c3-fb2a-4fb7-a57f-b59b7cbec6ac
tiyan068,gatzqf,535fa8ef-5913-4888-8bf0-587c82381dc1
tiyan069,dnqf2x,d2919c04-daec-42d4-a743-6da5440c20f8
tiyan070,yumrzq,229afff2-7c81-4398-9ab3-87d38d8ea69e
tiyan071,jlxxy9,225bf71a-705e-4988-ade9-24cb6b3addd1
tiyan072,xqb007,40e6c24b-94f2-49e8-8a1d-3be4f8b3e8db
tiyan073,nje07a,c370defc-1434-4af8-977b-1d762348ba80
tiyan074,ds7ii8,6f9e1e5b-7105-478d-b61c-1dd09c527b26
tiyan075,rfe0oq,35111a56-3b2d-4706-9b14-ecf685383a25
tiyan076,i0fx26,6091ff87-7409-4a33-bd92-d1b240377307
tiyan077,6r1vz3,c0336d7f-f7be-4236-b8d9-e6f4dc26f698
tiyan078,aw4v1j,cb79a93f-4010-4a45-8a59-f512c95d0866
tiyan079,uytged,879f3bff-f05e-4141-bf11-c465b69a9a3a
tiyan080,wzzygg,dda8301b-a668-4238-835d-e2ca8527cdda
tiyan081,5x78oe,3dbfa46f-bfb3-49e8-86d8-b7ec08195121
tiyan082,3p83ke,96b1b77c-5608-4a2d-819b-fbc913c7ed0f
tiyan083,70rlsq,c5e8abe1-20e9-4621-8071-a8aea6efd6a6
tiyan084,2xfugj,99531c4a-de4c-484e-9bfb-0759b5772800
tiyan085,e3g2r3,122ddd2a-25c7-4801-9e90-e61f3a9b42ec
tiyan086,b8zw7g,7e1bc92d-54cc-47b5-9b71-56774614a3a4
tiyan087,eqzzlf,af7deccf-0e5d-4dc7-9176-afd3f209c453
tiyan088,osqi4y,620b8bab-53c3-4488-8f27-6898de65e893
tiyan089,y96jj6,a7054007-13a7-452f-ac8f-baf6451907a8
tiyan090,63n44s,6ec59b89-df67-4f7e-a43d-b1a4d6f124fb
tiyan091,sd81ma,2bd7f823-7844-45b7-9e02-7f698f337977
tiyan092,7y90ul,ab858d73-a514-436b-848d-dd82e5d9dae2
tiyan093,v1rum7,dba42acf-7a0c-4fc7-beea-28276ff5dc82
tiyan094,az15dp,160e62d3-c85c-4b27-9656-4a51a950a5b8
tiyan095,xtmh4q,2e13b016-fbf9-4143-aed8-a37cf0ce3909
tiyan096,wyal94,82b26d51-59b0-4996-b93b-97602d6e42f9
tiyan097,m1yw3y,91c9d07a-88c7-4fd3-9966-ac0d3e0aacf5
tiyan098,32vot0,cfbc2f22-7f17-4010-8b92-3481181b754b
tiyan099,mghwwo,4cf7855a-5f45-4001-a6d6-58a59e11db46
tiyan100,2zymeo,a83091cb-781d-4649-bbb3-9fb43ba57949
tiyan101,j57ewj,f60f33f0-9ee2-4238-8c75-81e9a6a33bad
tiyan102,hieube,e858c054-ac91-41af-bbf8-29f6c4f9c83c
tiyan103,w9cerz,15432a25-b164-4b40-b8a3-167a633c60e3
tiyan104,t0u9b8,cb6e82e4-f908-4a64-9410-b795b9c28429
tiyan105,h9zwtu,579bc836-4961-4ced-b9d7-fae2e576413d
tiyan106,d2rcpg,99ed5faf-2c52-4350-bb4a-186ab26fd66b
tiyan107,8z7hhj,a46dab80-dc95-44da-9f6a-88c53b892daf
tiyan108,o20eyr,6b671ddd-6eca-4768-9040-d73c03ac77c9
tiyan109,m73sb7,259400b8-2d40-4774-a30c-48d2ca4263f0
tiyan110,br0klx,2f37c095-485b-4d58-8249-27b8717afe03
tiyan111,4m0zpk,e514c0d0-2e95-4985-adb9-11ac80096b35
tiyan112,wscg1h,5b421f98-5763-42e9-87ff-2f49dd95c476
tiyan113,cnbwty,8691ae7c-56ef-4211-acff-cbf54c0ba4c4
tiyan114,dj8xy3,d3aee5ff-0958-4265-936f-8e41a34f81fe
tiyan115,ky5k2u,927a68ca-fbf7-435c-8f50-c4b679942568
tiyan116,swleck,1847aebf-237a-43b1-a4a7-8d6a2d7bcb34
tiyan117,d8ihbj,c34d47f5-8a25-4b94-9bfe-4aa7964499fb
tiyan118,i8aewh,d6c14f75-e7ac-48bd-8acd-130e97b4ae42
tiyan119,70xber,c5b9c004-93fe-4f50-87c7-962735944de0
tiyan120,9kjngp,262c498a-8610-4989-b325-290d0817b3fb
tiyan121,2qzhpd,c815866b-5ff2-4964-aa6f-3f724b56a3e4
tiyan122,grkomq,7ceb9014-4c74-4074-aa10-552101f48766
tiyan123,b5w3mj,183faf8a-d7a6-4696-83ca-38b2defd40b0
tiyan124,1mnhm3,e577e596-abdd-454b-a58a-d3ec47ae3f34
tiyan125,wmnx8v,f2e564f3-5a17-489f-9c03-fd42e0dbb9b6
tiyan126,3cn7z0,837c12e7-bb23-4b40-bb42-a8a083463b09
tiyan127,vx78bq,210acab1-0260-43ba-941c-80554ae177cb
tiyan128,1z8xn9,aeeec28d-ed02-4a89-be91-58658e34a954
tiyan129,zsa26m,13ed9241-5cff-45bd-8231-a381bdf0c288
tiyan130,6fpb8y,ce856a3d-a2ff-41e0-9f16-f05764633167
tiyan131,m0w823,513ab5c3-5ad9-4932-9de8-3ab7cee67b8d
tiyan132,uqjcqh,7c9d3714-e42b-457c-ba20-16f72b615e53
tiyan133,56blu8,e7bf8327-31f3-427b-943b-3277c7f34dae
tiyan134,mo6r3x,bd54882c-f5ff-416f-bc22-ab02099a733d
tiyan135,mk7ouh,ad0e1ade-8cd5-49fb-87f6-31be2f919669
tiyan136,jbypg3,38c8b58f-9af4-4dea-b470-5ebd15a5a7d7
tiyan137,i4pfob,d4ee71ca-7d3c-4174-85e0-da24beba27a5
tiyan138,btekfv,0d480839-e394-46ca-a6fd-f3ca5a4fe11b
tiyan139,pd3rhl,3b9f2d0f-5909-4d35-8147-d31b9aab2548
tiyan140,o5hrbd,7c0e7ad3-53e9-4d2f-848b-2d52834516b1
tiyan141,slfoas,5d1f54dc-dccc-4fb8-a8fc-0d613bee231c
tiyan142,83hj9y,d3f89321-98d9-4e46-9532-f41717797b18
tiyan143,qc9cc0,1cf715ed-ab75-412a-adad-41f08dd4df02
tiyan144,t5o16v,2046adbc-9010-41e7-b9b2-1ca2661bb888
tiyan145,9skcqt,0fcfe610-d6ab-409d-aa51-06616f7782af
tiyan146,3brzb9,3263a6ad-ffcb-4036-9391-60d63bc21271
tiyan147,b4qc4j,99a4183e-5355-4bbe-a2ee-2ac8381e3bb6
tiyan148,3imrj1,ef75cf0a-10e9-4e29-874e-4a067282608a
tiyan149,owwwfq,78c46dce-04fd-4d22-b4b8-77559e8ab3f8
tiyan150,y5mvku,28307477-3024-4aab-ac79-733212ecbecd
tiyan151,zlll47,895f571b-2a35-4d27-ba21-f9ca45a53700
tiyan152,nr33a1,60c07481-4d1c-45b9-8d21-eceb050aab38
tiyan153,gws7do,d542fec3-356b-404f-8c1d-807b092d8380
tiyan154,0awrxb,42c3ad1a-be36-4e50-a60d-130ee37a80cc
tiyan155,pzmlaa,b80ca484-b21e-4575-8a18-59653813d60c
tiyan156,ns0bzn,c5e30738-6681-4a76-824b-0fd8e9de2761
tiyan157,ebslp6,1a32fcaf-31fe-4b85-8bf8-9b43506854f3
tiyan158,9lajlu,386d5c1b-4072-4623-985c-9bd7735d67c7
tiyan159,ninmr7,774e847f-88b0-40b2-a9f1-90f24cc07d6e
tiyan160,zp52gk,48c4b30e-3d45-4688-8021-a95b75d682a9
tiyan161,up07vz,f9a6f53d-fcd8-4ad8-8aad-a28789622a88
tiyan162,awvdey,e78d6483-da63-4410-8b94-abc1f9b3cc77
tiyan163,i11zcz,f7b938b5-a699-4098-ab52-4f3ce14cf8fb
tiyan164,yvlsps,0e37d49d-62ce-4d89-be9e-93598cadd368
tiyan165,gz54rx,4e66c1fa-5573-4535-b2db-99cc02afa3f7
tiyan166,m0whdc,eec561fb-f3d6-45e9-8d11-9685beefe7d0
tiyan167,dit9bw,2f65ad2b-5b1b-40bb-9261-f7f8aa192524
tiyan168,nft2dv,9fced799-63b1-4952-bc39-7fc2f1c5b849
tiyan169,ntkzr5,852cad90-a56d-43dc-9a90-cf64a540c8fa
tiyan170,46wtrv,19ad035d-7f63-4e12-b9a1-b1580f6a04af
tiyan171,2wgead,7c3d1919-cd3e-496c-b458-9f0acd88a7f1
tiyan172,m9lilv,e7904abc-49a2-49ca-8c13-0170a100d96c
tiyan173,7f72f7,71516d4b-26bc-461a-94d2-ce646e36e6fb
tiyan174,thi598,a95725f0-a574-4cac-866b-81b3c40866b5
tiyan175,h9lind,70a0eecf-6923-469d-a87a-95cf82b2d21e
tiyan176,955r9b,06e08a1c-9c07-4b05-9f7c-c74229743e95
tiyan177,5a2gta,f7704526-3f3b-455a-8ec3-59625c54b686
tiyan178,olev82,2f4dd33f-7c40-4462-95a6-66224d8678da
tiyan179,du0vqw,690dbfbb-e6e2-4359-9201-1f55c29a8671
tiyan180,2nlm8r,372ce67c-55c7-446c-bfaa-0bf2bd87711f
tiyan181,rh891k,75252fed-5c15-47d4-a7e6-9fe617b39fc8
tiyan182,wa6eh5,7992d5a3-ba39-44ca-99ee-f6551995f993
tiyan183,zxqo35,bab2733d-8318-4b9b-a431-7cdbf5f9cd01
tiyan184,6can52,ca633e0f-f592-481e-861a-de4b0a902d93
tiyan185,9optp4,0379666a-feed-487a-93e8-7ddad7873195
tiyan186,gv7ytw,c1cc3445-1666-4fa1-b8d1-c0cd726dfc3f
tiyan187,gsqwoe,8d8eef73-728f-43f2-809f-4dd57f0ac107
tiyan188,6defhj,aae4ca03-6f0a-4482-a964-3c94c7622ae1
tiyan189,irrqdy,5e15f285-ca9b-4ff6-9d79-cf66fdc391f8
tiyan190,6ut43t,2b88688d-6fff-474d-8d71-71913c71c5f5
tiyan191,92mf6k,521ff38e-24f2-4632-972c-15d13dea993d
tiyan192,xtc0u4,a1c578f3-44d1-472f-ab21-d26142eedcc9
tiyan193,sz81y8,a695a765-ee08-46d2-a7ba-2c902bf3da20
tiyan194,ikqlw0,d5fabe4c-5e3e-40c7-be23-dbf62923c81e
tiyan195,0fvpfp,1f8ade08-ac8d-4640-b910-10de554c8a7a
tiyan196,r9tc0u,a36f900c-5ce2-4007-8723-0ced32429b3e
tiyan197,ipuoj2,7a9a84b2-aeda-4f53-ab7d-db4dc7227f90
tiyan198,v375i1,453baf2c-8e65-4577-879e-183e76ab0617
tiyan199,ulga5g,bde5bbc6-763c-460c-b0db-5b807963cf4e
tiyan200,70ixmo,6ed9b0f8-70af-49ba-b214-9198120a7880
tiyan201,zigbkd,daf722b1-3ac0-49d6-8aba-390d95cbf9cf
tiyan202,q9hbwe,bf0640ce-7182-4774-8b9b-adf67747bfc2
tiyan203,vxec6s,a560a481-1e32-413f-bd2a-605a6a4d18be
tiyan204,480746,95426a8d-dc93-44ae-8372-b3565bd1f8a0
tiyan205,br7j56,2a7bfde6-fb78-43ff-980e-7a19d18b70f5
tiyan206,enzzr9,5a106150-2ee6-415d-a958-c58f1b750ad7
tiyan207,8frrfb,857c8898-d1d0-43bb-b67c-f4df68a3ec84
tiyan208,zb4u89,0654b5a2-92d3-497a-ae91-311cca3af829
tiyan209,oq7xga,79a41037-4008-4b9d-a072-6cd28fd3e81a
tiyan210,phooil,f8c7273b-26dc-43c8-b112-e40fcc421375
tiyan211,zsv2zn,8a4c0e22-c797-4f99-ba3a-d575a30c544d
tiyan212,67pdo0,a2b06f49-3f4e-40d5-8668-46bc098010ce
tiyan213,jyvq31,2765f075-f85b-4c46-b605-c2839926efee
tiyan214,og06f4,bcfd9b63-6e4a-4e47-ac3b-d2171a4ae7c8
tiyan215,ovtg01,4f936156-fdf4-47ef-acb5-67380c65c402
tiyan216,2ijv8n,7086a05f-dc23-4d30-bb47-ad0605f193a7
tiyan217,f91dtn,25790499-9ff7-48d7-8773-442c159943d7
tiyan218,059eno,ad4a31d3-98e9-4c46-b7a4-3182a5d03500
tiyan219,qn5u2k,f27cbe8d-b364-427c-a982-a0634db3f0c2
tiyan220,b5mlq6,0c869d48-3e51-4b1a-8571-dffa8d51fec7
tiyan221,z25hir,b2afeb98-0a10-46d4-8927-216eb2580774
tiyan222,mz90xw,d9ddbb5d-c13c-40d0-8ec2-1b82ef3e40c5
tiyan223,118ygr,2ef51eb7-913b-4bcc-b9a4-7c34a3d15f38
tiyan224,r0vgnm,fc5cde72-f8fd-4e9d-aa7f-875bcfae8859
tiyan225,5xovax,3d68d908-3413-43ba-94d6-eee0fc2efc67
tiyan226,e04ll6,17047173-a532-4ac7-956a-45fd22f3e18b
tiyan227,a9n0mv,d51e791b-4a36-4c44-aa3a-7c6aac9c0426
tiyan228,uj8bu9,cd157a87-62cf-44c8-b29e-9f2fee3ed6ca
tiyan229,lsa4zo,eb12737a-6233-4740-81ce-ed6a2651849a
tiyan230,lujov2,21039715-31f1-4d6c-bac8-39d187674a77
tiyan231,m20cwk,17d4478f-14d5-4d31-a576-03c6d0c25f1c
tiyan232,37vj7y,430bf958-b58c-46b9-beeb-66688e1e5c9a
tiyan233,p0aevb,de9e69f7-fa6c-4cca-bc4f-ad30b4e61fbe
tiyan234,3cujic,6483dbd3-d78c-450c-b8ec-25cc5d0b012c
tiyan235,4pc1r3,c5fc2709-a613-41dd-98d9-fb5807b299b3
tiyan236,8v5lf8,7ac1605b-d754-417a-862b-4ee9a84e09b7
tiyan237,ne239i,9303f8f4-dab0-4f91-9516-76b3948c67c7
tiyan238,h3c8k3,02f238e6-5463-46ae-ab69-85c0aee0ac6d
tiyan239,hgq4vw,9ad76d42-faf2-4d01-83c7-9631c6558e0b
tiyan240,nbshx3,2d8052fe-4a34-4c52-9c80-96f761107ea5
tiyan241,hu1y7a,8830ce39-d44f-470f-9c70-11663fc84737
tiyan242,wrmnjb,b33894a0-0c11-410c-a081-7216cd1b071a
tiyan243,7gt4sl,c1f9d6ef-8be7-4751-b4bd-fcb889968fd5
tiyan244,sz39oi,48936aac-f0e4-4140-b20f-ade7981eb433
tiyan245,0ob2fu,d6885a3f-96f4-4c68-ac50-722d6cf0ac56
tiyan246,jk8ald,f9961194-d454-4dc2-b8c0-b60e354c83f6
tiyan247,bte8ey,06970f1f-33d3-4bec-a443-7aacf3f000d5
tiyan248,axosfo,2ab0cf68-517d-40b0-9f48-b30a21dd6ac2
tiyan249,legg6j,622a2265-038e-4e3f-ae44-3e82ddf58244
tiyan250,xx8etr,20e80cc5-d6db-4e53-9d1c-6f9dd5bca8cd
tiyan251,ftgqpa,43510a63-a289-4f1f-9f48-5e9c270f3fd4
tiyan252,khkiq1,64ea0b01-b4a1-4eea-9223-b8729f1ce47d
tiyan253,4s0s4k,68660894-9e47-4d20-a756-ec9b65dada1e
tiyan254,2eu7na,0abca122-48a9-404d-9d8d-90d08407b61c
tiyan255,bfacyb,43ff5346-9af7-4566-9ce1-11b935694043
tiyan256,qdrsjw,2012857e-7ab8-48dd-9644-cce9ff3e7ebb
tiyan257,itmk9u,82d507cd-1a31-417b-aaaf-407b0275feef
tiyan258,7sriab,0be7338f-c06a-44ce-8b05-2dbb4ebb6b66
tiyan259,31bp71,8eb9d9fd-be1e-47b2-9605-6af1a289b849
tiyan260,70bhnq,e0116b82-f34e-4805-be34-0932fbca98b7
tiyan261,czgbq7,91dae4cc-a8bb-42c1-9bd3-9162bc11cf69
tiyan262,m83u52,0cc8f44f-b14d-42c2-af5e-4261a10a45f9
tiyan263,juqvoc,49bf36ea-3924-4b23-94c0-8b98b113c022
tiyan264,jcfht8,c4516144-3f52-4e75-a892-ba9a1bf7bb4f
tiyan265,zp7432,0a7e347a-7738-42b6-8c77-fdda171ac093
tiyan266,jca0vm,59dc7121-f6a2-498b-9cd0-47b6e5ce3bbb
tiyan267,lb80mb,ce64fd82-9f1c-4dab-9220-410018f0e642
tiyan268,cg6kf0,4c312b86-7aa3-4bdd-bf36-86dae0827989
tiyan269,ladbgf,c0c0db91-4119-42bd-9ecf-e91f8de294d6
tiyan270,326fm6,d8006751-7dcc-4e32-b84e-9061b1a85025
tiyan271,6j0hs2,cb98b952-c0a2-4145-884c-00e88eb38faa
tiyan272,7d8gtn,520891cb-b35a-434e-9527-d149495395db
tiyan273,dfa6sz,a91eeb9f-6630-4856-8180-7ff5438c0817
tiyan274,w8ey1g,e86a3d5a-4e47-42b0-9a9c-97b1a65031b5
tiyan275,1jca5x,74054be5-adda-4316-89b0-8874f726f36e
tiyan276,34fdp3,7fce050f-309e-4368-a522-5d91efe17120
tiyan277,gafx4u,8d6cd6e5-208a-4772-8b66-ea1ac25320f9
tiyan278,1gehvt,4a39dff1-df1f-488f-912a-b9aca7dd4f95
tiyan279,v048d9,63c3e64d-bb07-4c72-8240-018968b40452
tiyan280,qld3r0,5093c77f-40db-44c9-bfea-dcbb373535d4
tiyan281,3zfi82,292dc235-358c-4527-82d7-edb19e11501f
tiyan282,3xv1s9,72ef166a-32dd-4744-98f0-de11d2b3e658
tiyan283,dvzdnj,8270c150-f574-44e1-9b11-57af438cc8d3
tiyan284,iapyvj,e7a31f85-4cff-441b-b179-0d236ac2d73d
tiyan285,e8zopm,e72c4e02-5792-41d9-9bad-9eece9dca233
tiyan286,9bhcuv,895fbb8a-45c9-4778-a8ed-36fe469b0638
tiyan287,sdw9g7,f318bfbc-3547-41d6-99f3-5ef1a53f2177
tiyan288,aq04j9,3e188743-3af1-4f74-9d3f-846bd8f000a7
tiyan289,nn5dlq,85ac6a7d-763e-41bb-89e2-a9a688addb4c
tiyan290,ydf8ke,7c261f77-bc49-427d-ab2a-ea30539638ba
tiyan291,pbuiuf,7ca555d6-dc22-487a-843c-239819f32a3e
tiyan292,uz54z0,6fdaf1c1-366b-4bfd-bd0a-86a53f7aa85c
tiyan293,x2ytdo,050a3af4-b043-491d-bf59-f298a1394496
tiyan294,2edz56,a835dd09-b556-407a-b659-2525c8469495
tiyan295,utttpt,db505a2b-633c-418f-aa82-17e852785c23
tiyan296,d9d2o3,fe1ab1e0-29e2-4e4e-b72e-75b555e34981
tiyan297,m7okz1,4c9287e8-a7cb-4e15-a32e-8a0a79a34136
tiyan298,4yw57y,b566f96e-dee2-43c6-bce3-e75532cc7ec8
tiyan299,j6dxoj,3debb24f-6b20-4579-a29e-fc773b8cd01d
tiyan300,dn3ig5,0bd4e297-fc14-428f-bed5-73ef7fafa379
tiyan301,ybqe2j,6ce20928-c99b-4e41-8b93-b6530b9b2d8e
tiyan302,705pac,5863e539-2dec-4530-9c38-e27f49ca2ac6
tiyan303,n5tuau,6da1f2a0-2b90-4069-bb20-fa8045e93684
tiyan304,mcfm4m,5ea7dc5d-2cd9-4c9b-97f5-c00e9f0c0944
tiyan305,8zy77k,d3e3b221-3b2a-4a78-967a-68ba047035da
tiyan306,tpnopq,0f9dc1ee-a199-4891-acdb-239b5f10adb3
tiyan307,8ujcxk,7b6559b3-6c29-4780-9acc-b82f3fcbe0bc
tiyan308,s271rw,41511cc9-bc04-4a6a-8ebb-26b02468271c
tiyan309,ceedct,b37f3622-c352-4731-be40-a1f7f54527e1
tiyan310,voobtc,db32fa37-db2e-408a-b968-ccb9bcc3fd01
tiyan311,4i0xrz,8248a0dc-92c0-41f5-8357-acb461bf759e
tiyan312,22584x,d0c00857-00ad-4c66-9316-4b19ed7b08f5
tiyan313,4ho9kj,20d5d059-63fe-46b7-819b-09486443591e
tiyan314,1pdn76,fb8276c0-c6cd-4e05-a7df-d1862122ce05
tiyan315,2vmhxr,dd42f315-65bd-43e1-aab4-620ade3c57ea
tiyan316,og8569,aed870c1-8fd9-419e-bf8f-1da6da6aca10
tiyan317,81qwfk,ed0b97d2-e030-41a4-af21-b0b84f2c83f9
tiyan318,0y3jit,8dd7a38a-7ffb-40a0-a6de-2c0bb01f01ee
tiyan319,zrabr8,ab258cfe-42c4-451b-9825-511f823c5d27
tiyan320,ch0bj5,ae7f4ac8-7a55-4964-8697-18f58c41146d
tiyan321,km8fuv,5fcfb0b3-9c8a-4906-8c60-1601484a4a6c
tiyan322,0fabi5,57869e07-2fe1-45e9-8ead-348ec38838a5
tiyan323,ug1ygh,de3554c8-7292-4557-8eed-397f1f05344e
tiyan324,jm1tea,3ced013f-ec01-48cb-ae53-f67e7fe4a188
tiyan325,6uncrq,bdf75260-858f-4132-8c0c-660bf2503959
tiyan326,emwgkw,470ec9a3-47f9-4abc-b4da-4d27cf18aff6
tiyan327,mrhc97,c53baa9d-89c1-4e56-a85b-248dc5e2e0f3
tiyan328,ct88bc,58d595a1-be3d-4534-b8a9-abd9ae9dd051
tiyan329,e8sfsa,72de1de0-de79-4325-9641-a903667bf2b2
tiyan330,dmhug5,21edee79-626d-42bb-8fac-3992858c7515
tiyan331,j1nx74,fb982e42-5b31-4b90-96bf-ab18f185ae55
tiyan332,kmm8fz,1dc8c1a4-0546-41e5-b27d-78f7ecf24c22
tiyan333,jo3wf6,eeae9e6b-706f-4009-85c7-e026f869b48c
tiyan334,rznn9p,cdced5e9-9374-4386-91ad-b05d307fe985
tiyan335,fusz3o,9b2be608-0987-4fec-a7e0-736fe778124f
tiyan336,0d09hc,c89b6bb8-51bd-437e-9d49-4906cff224bb
tiyan337,b815ba,12318c31-3c6b-4644-bafe-4759505c787d
tiyan338,2stpux,c91247f7-a4a1-49f4-b863-7beb0e5eeba4
tiyan339,hkx4bo,aec373a9-f85d-4ec5-8fc1-af15d2b09334
tiyan340,8cramu,f7f59809-0182-4597-bc44-84a4e104ee16
tiyan341,w3bcg1,77d0c460-f373-4981-8947-d0a026546b77
tiyan342,ab3du1,bf076c1c-be6b-4008-bd54-a43f11221eb1
tiyan343,23hgc6,e5f60abd-27e1-414c-be71-de4efae2bd86
tiyan344,6j6jyc,bc818eaf-be81-4844-b51d-a8d0021cd1c8
tiyan345,pn9mmh,0ba106ba-be4e-4ad4-8ef5-b1a038f7c289
tiyan346,8wzg3c,5bdaa301-e3cf-479a-9612-cd3b7521be0b
tiyan347,yqa5pv,4175832e-3a44-4e2c-b908-bd768fc94f0e
tiyan348,scv9hd,8cbadfc0-d155-4659-8030-e432087f4727
tiyan349,jriha1,10021207-7d8f-404b-9d77-5370a26060a5
tiyan350,hvqtm0,41a3f63c-d0ec-4536-93e7-9f62865cd4c7
tiyan351,vt9qtn,1528df5e-8b92-452e-82e9-7a212225bd53
tiyan352,7bqure,eff554f7-fa10-42d4-94da-803eb718321a
tiyan353,co8jan,6fc200b1-3e51-41ad-b07b-a0cacfdda642
tiyan354,rlubwo,8bd2575d-ca1a-41c9-a592-ad8986192c41
tiyan355,o5xglh,bd9f7d40-3ef1-4467-bc8c-dcfa978dd2de
tiyan356,cvxk1d,c18c5172-ed70-43f0-93f0-3b98dfd78271
tiyan357,f83ijt,73cc36d8-c928-4d53-a028-9fea53f1614e
tiyan358,0bwvs3,22d4e332-2f52-45e4-8654-a7949a2ab92c
tiyan359,txixxt,3d305d1d-9497-4b2c-a458-9c9509b59d86
tiyan360,pewiai,3e3d587f-0698-4bcf-bde0-56f60185d158
tiyan361,9tr7ok,0eae3178-64dc-4ee4-975e-dfc9b7b48f61
tiyan362,29et27,ad0bbf68-5881-4c60-b0b3-223b3c1e6174
tiyan363,ssy3zw,b9e0ca63-1c09-4798-ae9d-c6131b4c133b
tiyan364,astwt5,9f47094a-5516-4909-8e3a-b3ac69d3d2b7
tiyan365,e2pxot,017e1a70-2aac-42a0-8d1a-451712eb86bc
tiyan366,9p1gf1,c0d52cb0-0ce8-43fc-8913-162c37c222ce
tiyan367,84yauv,036b42d1-f35f-4d52-bb0f-75399a5cd80e
tiyan368,na6rwc,0130f93d-9d8c-469f-9469-07fbeb274688
tiyan369,zzoew6,1803e575-9c8f-4328-b06d-d2a8a188b1b7
tiyan370,06q9ct,5be972ad-4bd9-4b70-82d4-cdad447108d7
tiyan371,i1yq80,70dbd969-16ff-4d6a-81af-12e18dbe314d
tiyan372,swmmfg,605f8475-1fc7-44c8-894e-6f3c626d8ac5
tiyan373,jkqpfq,bd052eaf-8ea1-4a34-863d-fc6979eaa494
tiyan374,2ehvjq,e54fd75c-cbc6-4e2d-8884-0c1f12eef8dc
tiyan375,lf8yb9,7e1cd57d-15ec-4df6-ba89-5437f4a0da4f
tiyan376,1mtm2x,5f3fbb87-91be-419b-82e4-dad50920b240
tiyan377,lfcpq2,984465bd-52a9-4e08-8b6b-6627ff96b15b
tiyan378,g215bw,04f620f8-e848-45e6-acaf-dabcd9efaa1f
tiyan379,w6ccm0,2cea705a-e36e-4efe-8885-e98a2e5af154
tiyan380,na508v,f91b13b8-0b7f-4cd1-a4c2-2e5db120c632
tiyan381,xjzsmr,51c09440-ee16-47f8-bc7f-13dac8aba447
tiyan382,8ahxgd,f01d21ca-3145-4199-8c8a-aebe9bea049c
tiyan383,cjx3zs,e398ec2f-993b-4d3e-a3a3-2cedd2a55b04
tiyan384,4dy84b,948cec21-b492-462c-96d1-24087ca05d49
tiyan385,tz5nht,219f2254-483b-4884-bab4-5589ca74697e
tiyan386,1q82hr,5f4052e6-a83f-4c89-a7e2-a391adc68f6a
tiyan387,6eiyum,72bb8a74-f674-4083-97ae-2a2f263443f9
tiyan388,yt4424,a9df8dd6-92c5-484c-9400-e168fc2dcdb6
tiyan389,cs36cf,02405984-8ab9-4d69-8200-20f1b34cb272
tiyan390,xr6jr1,df071479-b319-4ebf-b519-e47a504a767a
tiyan391,3qkct0,36d3e28a-ed6c-41bf-9c1f-fdc0af563daa
tiyan392,1hdyzb,1ad1b33c-89ae-4a30-9d43-faa6757b5a67
tiyan393,qpl371,bad8a389-ff7d-4c38-99fd-262fc8d04e33
tiyan394,856na2,e2b448bc-37b1-46f2-a207-f79725a6cfd1
tiyan395,v25k12,5d9d2260-0780-4528-8092-8acc3c55ddec
tiyan396,p7tetn,3d58802e-5e5e-4771-93f3-d77bd780315e
tiyan397,qdm0i5,715acf5c-3b24-43cf-bdce-e4989481469c
tiyan398,m5r7ed,1938225d-a4f0-4e3e-9708-ecd769af66d4
tiyan399,0jsdg8,c8fd2e56-5cf0-4a89-9f3c-ed2995d7ea2a
tiyan400,1mj98r,f5e3c26c-b4f5-456e-9f8f-8caac2e9623b
tiyan401,75v5jk,015080cb-b3e9-4397-b87c-1dce49364f01
tiyan402,fpfvbu,a71e9500-85b5-4d43-923b-eac0fdd01840
tiyan403,9gtk7x,6ed10dbb-30f4-49ec-9f2b-f7d0743e5fc2
tiyan404,xlwthi,57a71d1f-12e7-433a-b8d3-d1b8b0cf8bb8
tiyan405,hqvu87,47bcf736-e05d-475c-bdec-2ba60cd2c6a9
tiyan406,bnoc6n,ee049c7b-6c70-4b0b-b1b6-743089d0fa89
tiyan407,g8gv4t,4976e802-2778-4d94-bc79-79180c893187
tiyan408,af8hu3,0829cbe5-8345-4a8c-abf6-1d7f894045e7
tiyan409,sho8yb,53559a9f-63c4-4102-8df0-5f889c9f6a62
tiyan410,yb0zls,32cc80bc-1307-41d9-96fb-39950f98574b
tiyan411,ga84rj,095eb189-9991-4559-99fd-d03ab397beb3
tiyan412,i0om8w,d13f1008-c140-4d0d-b334-d27a9783cd5d
tiyan413,zmnxne,0bebd2c6-edde-4ec0-aa40-90f17ddfc659
tiyan414,up1uxf,5ac1d056-2ec4-45bb-88eb-48c8e50eb56d
tiyan415,5m1cj4,b881043a-2fb0-4b22-b351-d59541ed443b
tiyan416,54fa82,ad97ba1d-bf21-450e-af5a-9759d3227ef0
tiyan417,82gp8i,8582c713-86fc-4c0f-9bda-84ba68fd1801
tiyan418,1c718v,ceb34329-af0d-402f-9f3a-9bb85fe79706
tiyan419,1fvtnq,5cf09742-fce9-4236-88d0-3ba98de27b10
tiyan420,eoolwp,f2c063db-8183-43d0-9236-59aabe3db4e4
tiyan421,befgo4,613e6c78-4e71-4e73-b18b-bba46fb2e8a2
tiyan422,wb0jkc,2c4560d4-3818-469a-8bbf-a1a1d3104f37
tiyan423,bpmg3o,8950f0ce-5fe8-4283-b709-f6122e7ea814
tiyan424,ec3muy,99f24dee-84bd-42f3-924e-9f5eea3d0030
tiyan425,kb3tu0,96d3dba7-8d31-4fce-9444-d4c67d3fee02
tiyan426,p3wamx,c48021a9-2452-47d1-9d42-714c910f8730
tiyan427,0qj0h9,d479c25d-0942-4ebd-a444-aeabd0286a74
tiyan428,ztbjmc,5fa63556-b601-4d24-87d9-e52e74607099
tiyan429,f2sgaz,f4d01b28-2f7a-41c8-a2e1-fd075c113453
tiyan430,0opsln,a76d1af0-8fdf-43a3-9401-8d794b61a007
tiyan431,5268re,fe288fcd-d793-466a-8b11-03662c81a12e
tiyan432,wqyyiu,9f820689-409f-4e9d-bab5-fa6e809a7471
tiyan433,85yrqo,a1b72d9a-3e53-4e4a-8c16-c6622a3ad0ac
tiyan434,sqi5f9,d0d8c7b6-2e7c-49e0-bc49-4007b2571f80
tiyan435,hakb65,86fcb775-59e0-49c2-9e0d-a59fd6018d00
tiyan436,yck2gd,f89c0322-ce64-4d38-88f5-535bd5f3af48
tiyan437,r9t1v2,7ea43b05-2338-40b2-bd88-0f3540ab4814
tiyan438,1g9h1m,13381b3f-cade-4bbd-bc84-bbf9b1ce9b06
tiyan439,4dj8z6,225afad3-9bfe-44b4-b4d4-257eac932430
tiyan440,ahrjvm,4fff7222-12e4-4045-9fd8-f9dc92150950
tiyan441,eyknnl,e04b1375-ed0d-4b60-b3db-3547a5274896
tiyan442,eggsvs,8eb55df0-8fac-42c0-83ca-c4106ec86b6f
tiyan443,fjmenc,4a671129-09c9-467e-8a07-08138a02b31f
tiyan444,x7lwpa,4324925f-0590-4c94-97e4-904a36d3736e
tiyan445,0rgbwo,9eefbedd-ca62-47b2-aa92-6b857fbcdae2
tiyan446,an55hn,e46c06d9-7f80-4e1e-b30d-3c93414c022a
tiyan447,rg7kb8,a997adf0-6d1c-4bce-a529-7855d4c8047a
tiyan448,egq0qp,89dc765f-6352-41c6-808c-6b8827207098
tiyan449,65zzj4,e6a6a165-064a-414b-9c56-92e5b2cd4bba
tiyan450,w8z6xw,55e2d277-9fd4-4970-b48d-9222a4051fe8
tiyan451,lers8g,b8f99688-3170-4d7c-843a-3f13d763eca5
tiyan452,cqnf5f,225c248e-107d-4639-bd88-5d307a5928c7
tiyan453,9farz5,4d4d19d7-023b-4270-951e-c73b9d2389cb
tiyan454,mcg775,36a878e9-bfb4-4ff6-9885-0f585228478d
tiyan455,2w4itb,1374bd1d-8c83-4662-9be9-5044a3cb02ba
tiyan456,tz35xz,83db8795-299d-424e-96a1-d3a99d1842d3
tiyan457,q0lmkf,b8fd0f03-313e-419d-8076-83e2e592a7b4
tiyan458,qctsbc,a7f75320-bb90-45a3-976d-389a616b4d15
tiyan459,hmggry,b1b4c151-ad8b-4cbd-b3d7-1d497303cda1
tiyan460,nx3ca5,b817d4fd-1087-4f80-ae6d-879bb99030ce
tiyan461,wz97sv,1bf33358-f5ec-4f5e-ab72-65dbd3266657
tiyan462,zmk6xa,314ba9ee-8cba-44a1-a9a1-9398cbbb616c
tiyan463,gyw6wy,4955aeb1-7e21-4821-a3b2-455643e00ec7
tiyan464,c6tonk,c7504fb1-be98-4372-8f59-4b1a5522f5b0
tiyan465,f5oean,855d255c-5c47-4aa5-b223-6aa8ed32cd78
tiyan466,ghxr3a,c57c3b4f-728a-4551-ae8d-fe951762937e
tiyan467,g3ymyv,71e28ae0-3aef-4fba-9f77-0d78e130ad64
tiyan468,pylg68,e2f0f128-2dc1-4887-bf97-84ae8eb5989e
tiyan469,ivoato,2b16fb4c-7734-4520-b04b-7df61616fb0a
tiyan470,61nygo,7588528f-ed81-484c-b24b-d3a7ce32d005
tiyan471,pt5m2y,35a257b0-8479-4cfa-9353-4674decd44bd
tiyan472,uandng,f662c064-28e9-4571-95ff-9da3bc2bc186
tiyan473,9zuclh,f2edcd0b-7404-4b13-b4f8-cc01de38ebe0
tiyan474,qwnvhx,cfee5d5d-23b6-4e73-b84b-76d06cf95efe
tiyan475,xhkh0e,b996f351-be84-4375-8f74-55d75683da6e
tiyan476,pw9ip8,eb3fe220-a3cb-4889-aff2-3d16db8ffc04
tiyan477,li8vi6,ff202343-61b6-4c08-9cb9-ea99f55b0929
tiyan478,l0zpkf,bdb76e58-a631-47b0-a8df-31a53cf8ed0e
tiyan479,zxgy21,b19c75ce-5b3b-4753-9cbc-e2ea524bde27
tiyan480,7h5zsc,587bfd6b-6f92-4d50-8ecc-eea878058bd0
tiyan481,ry60bh,77c7b92b-cdcd-4bed-9811-351cad2a9f45
tiyan482,34mxr6,5ef72233-de5c-40e3-9918-dc46213bb2f2
tiyan483,x0285f,abe00cde-9e51-4343-81f6-cb2af50a0d5b
tiyan484,23w869,515c558c-e28d-432d-a338-f92e6f09ae0b
tiyan485,qs0ff2,dcdb0f5a-cf9a-44d6-aa26-cdbb483b255f
tiyan486,1vcpc9,8a1bd7cf-5632-4a11-86e6-f04ec2fdee2e
tiyan487,7ticno,a53d3e5e-8a71-470e-8b9b-58000ec52fb7
tiyan488,pqd487,5d68f505-eea8-43ad-9106-4d888f5b45ce
tiyan489,8sb7fs,7345dc39-f9fc-4106-a6ed-b4c7b535a930
tiyan490,q9t34z,8407fd76-d21a-4016-9722-45b0d790f7cb
tiyan491,wj7mwl,1c7d5526-d813-413b-a8c5-cb998c705d6e
tiyan492,b05ijp,44c00614-8a4b-4723-b880-d6c5fcd7c31a
tiyan493,12vx5v,cf3389cb-3975-4116-a619-4c3b916bfbc4
tiyan494,a85xxb,c0045e07-65b2-40d2-826c-7563fd26492c
tiyan495,pxe9l1,7a476f2e-6a12-4747-88f6-9e9aae776c45
tiyan496,xzof6h,82f885e0-2243-4ea8-b7e8-aa36532570db
tiyan497,13tbam,ae0cba26-d39e-46fa-8c53-4e652bc4232f
tiyan498,t2z2ej,dae126cd-e71f-4a24-a61a-ff503e29ef37
tiyan499,2cf4p2,5600ce53-45ea-4b90-a641-0f33c891127f
tiyan500,p6ezz0,387b045b-00f3-4f54-b7e5-e463cdd7305c
tiyan501,w154d1,a68957e5-b0a4-4097-b49c-3d40d9bb527c
tiyan502,2tur5v,6664a92e-dee9-4f71-8b6f-2d59bbe2e943
tiyan503,w6avev,3b2e936d-5017-4a62-ad1d-5fdb83651481
tiyan504,sajgdc,12f25d42-bb6e-40a8-b2e4-a4e866903658
tiyan505,5ua0wa,39e81405-27b1-4c43-a6e7-5decfe36d9e3
tiyan506,ly1y1m,6361908f-1d99-46fc-a6f3-6bc1132cc7e4
tiyan507,4uotpw,efebf7ef-b08b-431b-955e-1001107a5eea
tiyan508,ykomjq,cba2e06c-b02a-4329-adc1-64b055fc2bc7
tiyan509,5d4pdt,131ff831-812e-4f1d-9719-9a0ef789883e
tiyan510,hm9aid,f8e23b3c-7dd0-4afd-be72-668cdc5b6c58
tiyan511,gzpv79,fb581283-2940-4567-bf50-4944e38c6028
tiyan512,qpqdvf,f9d93a9e-b053-4fa5-bafa-e1ef62b7a89f
tiyan513,cnv5aj,341df932-74b3-4ccc-8120-5d2e04435943
tiyan514,3u1bz3,cf3ec1f4-5ebf-4cd1-8964-6ee86fedb003
tiyan515,eekwkb,dc3a1a5f-c5d9-4a0c-a0b6-78cd9081dbe7
tiyan516,5rhvcu,5bb6f929-90d2-4f65-a258-2371b2a22ba0
tiyan517,fv9fb2,598f667d-e25c-477d-aa15-5c37c2370c40
tiyan518,6l9uvr,132df6c3-e6d1-4a04-b619-cd146fce6230
tiyan519,ksz431,fe263f21-1aa8-4426-a3d3-45feff30b4dc
tiyan520,wnjz1d,8eacd6d2-d249-4e6c-b36a-cb9d15292f7e
tiyan521,dutjov,380e1f42-79a5-4e35-87bc-b39d9871750a
tiyan522,e8r85l,5616d499-caeb-4557-8452-73c2cf26403a
tiyan523,667lyq,16d87ef9-3f9e-4527-82a9-f12c33b7316c
tiyan524,r2asjp,0f85df6d-d858-421f-9067-d177fa7235bc
tiyan525,d64zu5,d3182b53-bd69-430d-9e10-8bbbdd107301
tiyan526,o3ezi6,cbd9db42-4c5f-49d6-9e1f-d77741743edf
tiyan527,98qp5e,bf9c36bc-6a0f-494c-aee8-605981c022a5
tiyan528,17389o,db50aea5-c690-429a-850d-dfd04dd2f981
tiyan529,mufjso,ccfd5658-095f-4513-a1d9-69391d686774
tiyan530,0bg9fq,01681aaa-721b-45e2-ad00-e055256d9ab8
tiyan531,luffeo,3da1ab5f-fa81-4b0a-a702-25c29f4e8dfe
tiyan532,jnz38z,acd7ee39-41c2-40ff-8105-abfc48c57557
tiyan533,wpldem,b436e51c-44e6-448d-9392-d38faebb6e8e
tiyan534,5khbq9,dec113f2-319c-4a86-a153-98cc7a354896
tiyan535,lypzie,4fadd11f-c233-44a2-a98b-51f46cadbd93
tiyan536,gagn2h,6e383f3d-8d5e-445f-87ea-46e6e5b28e0d
tiyan537,g1o21a,dcaefc98-a6b7-4270-9274-b7f07e92d2fc
tiyan538,2hozsh,68b7ddb2-5845-420f-82ef-faeae214a795
tiyan539,ov3pub,d33972e2-4a11-49ef-a816-ba0e6ac9b072
tiyan540,pquzvj,03330a8f-e19c-42a6-94c8-e7ea61dc7734
tiyan541,53nu9q,8d3c81e7-9c45-499e-b2bf-d6a815523719
tiyan542,9a7bgm,6e3c63da-aab5-419f-8f9e-d61ebda55136
tiyan543,nv9fjk,f9652784-5c54-43f0-af3d-6f179b870a87
tiyan544,k1sewt,bd0fe020-3f09-4f2c-81fc-f708ef236948
tiyan545,mcd2sa,abb4d0a9-c781-4390-8a9c-6818b619fcef
tiyan546,zfr427,3dad6c36-47d7-4db7-ba0c-5e6b88f688cd
tiyan547,yttv5h,a580e5b4-0009-4501-a3a7-6e7c9d9c93b8
tiyan548,633swc,f460467b-9d46-4f85-8ccc-2c1e5d784c85
tiyan549,0iio0f,b82f2ce8-a47a-45c3-9e1a-5cda773988cb
tiyan550,bp80k1,2b712ca0-fcb3-4337-84f4-65e731642df2
tiyan551,jj8bu5,9b690f28-e4bb-4e83-aff4-f773da91860a
tiyan552,kbrkt3,0b22a33f-ae45-4e6b-909a-896755c4ceaf
tiyan553,18ssqz,775a8aa8-c97c-4986-bfd2-e634bb66fee1
tiyan554,9yv6u9,7d376551-f6de-4f36-abd7-7a8e48126eb6
tiyan555,k7c4i6,5295530b-6921-4370-9b99-6a403fb547dc
tiyan556,50zpn0,1cf6a590-d0ab-43eb-a89a-5f3c3d9d7665
tiyan557,dqejzu,9fdbebfd-571f-49d8-b63d-f4c7ab7c98ab
tiyan558,iseozl,f5af267f-be84-45a0-a8d7-7cd66088e14a
tiyan559,pq23s2,7ed3c46f-91dc-4fbd-8440-1bedfb0806e5
tiyan560,emu112,81347b00-aee9-44fa-bf72-835c6bb5d8d5
tiyan561,2xfcty,cada1cf7-9991-46c3-ba55-0ea2c2726bc4
tiyan562,pzjusq,e0c42dc2-fe79-4d52-a9a3-587cc229e86f
tiyan563,hhdvwb,dd026e82-a743-43fe-bd76-7b9b7a893649
tiyan564,b3w8n3,9960c17f-2f59-4341-beae-f1ba4819d4b2
tiyan565,r6cw3w,2b602d0e-7cad-4964-9d46-a2a97bda29a0
tiyan566,pm99za,799ff221-52c2-47d6-bf5e-1fd0ca300908
tiyan567,xaj2pz,9b24efb8-87b6-4325-8bb5-53151dd1e89f
tiyan568,8autyu,248b6b43-bd06-4816-bfb8-32dea91e018d
tiyan569,8ee4o7,e898e5ee-58ac-4eba-99dd-2f841708f477
tiyan570,7sa9mm,32d4277f-18ea-4434-a392-e7095d53509a
tiyan571,u6u382,4a1ce524-33dd-47cf-b262-5c8f31c88209
tiyan572,ed6jjh,51070145-1fad-4018-88ca-3fe99a0e67ca
tiyan573,d5vuaf,8507ead7-8851-4b4f-9ad7-19ec34545ad1
tiyan574,tnd8w7,c892b151-c7dc-4d51-9a23-0f6b4a2243b9
tiyan575,7oq3c5,7478c2e0-98e1-4a9e-9919-d70fe61ae75a
tiyan576,cjxbhv,9edcc1e5-a6b5-4724-bbe2-a83980e97461
tiyan577,1tbxvv,5456e452-d21c-4b99-b739-5361b88d82b1
tiyan578,fjnaba,e01f1807-9ca9-4cb0-8ed0-10c3d55aaeee
tiyan579,9q3azr,27ac53ff-ec27-43de-8abc-1fb0fe5ad94e
tiyan580,xvbr4w,ba712852-feb0-4314-a100-7213f893c43f
tiyan581,7fla1y,4ce7203a-1d61-4cb2-9010-5dac6c1ef372
tiyan582,pyms16,8b007a12-10c5-4b39-9a73-54e594646657
tiyan583,ptktkl,d612e739-71d2-46be-a871-09ede73eb36c
tiyan584,uwgg0d,de9402fd-1577-4c2a-9df6-ed41babfaf9e
tiyan585,ul4c5q,c0d4c3ed-3ee7-42ce-9ec0-210b06c87061
tiyan586,eci4n0,62d1b55e-c643-46c2-a328-7fe23c1833ab
tiyan587,lzba7o,81c5a29c-7beb-4659-b9c6-6db027b8da30
tiyan588,pc6bem,649f50af-fa96-4bfc-bd24-1ae44331f512
tiyan589,az25a7,1e66b269-b85e-4799-b11a-6ce03a504935
tiyan590,r0r40j,75d6bb20-3453-4ab5-a9bf-0ed316b2a077
tiyan591,zp9yn1,eca6cae6-a8ba-408f-afa8-1ab7c5adc4c9
tiyan592,9owa7f,fdb5e682-a54a-4695-bb8c-d4b1196a9e51
tiyan593,nlggas,258f3275-ca8b-4eb0-9a06-c8194f4b84ea
tiyan594,on5u7c,a3f5d8cd-c333-4319-8a08-cc54a1a37cea
tiyan595,apdmcb,4906d359-b517-46f1-bcc3-43b33aeac6c4
tiyan596,r1o4yy,04cd699b-719b-4249-924f-d3a82887cca3
tiyan597,hxtfxm,c93277a1-009e-4725-8f78-7bb482571e41
tiyan598,szuzo0,42202a6b-9d57-40d8-8bfe-edfedaaadcd8
tiyan599,5pqyqg,ba9569e6-fe65-4015-b542-f4b56e628ac8
tiyan600,v3qqgs,8e454a0f-dc23-423b-beee-f46875fe2952
tiyan601,vehpz6,eb5bf7d5-cd4d-458f-b89e-6c2f316e44cb
tiyan602,paz8zy,f3a89f98-992d-4a6e-92fa-41eeecb7f94e
tiyan603,pqdi0o,309ffcc1-dd4e-4f00-b93e-917417f2d2f2
tiyan604,pmxqs7,9c616f48-a29d-4a62-a02c-6c4d1485e31b
tiyan605,5r349e,6dace994-083c-4f60-bd1e-507af0bc78cd
tiyan606,4vmhd2,fea73ef9-5903-4c22-9977-d70550ceed53
tiyan607,ckmwn0,cc380f52-bef9-4996-b9a7-282dfb5de9f3
tiyan608,mlrb29,564428d7-b4a9-4bdd-9e97-2fef5379ad80
tiyan609,ilmpum,79bce607-40c3-4171-8393-9816b93ff88c
tiyan610,ny611w,a0395c3c-67ea-492b-bea6-2928aadf025a
tiyan611,fppomg,853da3c3-12b9-4c4c-89e7-8df86f8dccd1
tiyan612,blztwf,a4d3fb53-ee36-45f1-9f59-bc0daa92037d
tiyan613,g6e5ev,df5170fb-0b4c-4d5b-acbd-cd6a4f685e45
tiyan614,yho09v,254a1dd9-f4b2-42a3-9bc3-3751e05b7f4b
tiyan615,cw8xtg,156e592c-650e-4041-a75f-096b0416b9a9
tiyan616,17759l,2d67019c-655c-4e50-8597-42035c036f4a
tiyan617,khi2z8,dc9f342f-4289-47f4-8603-4d2790ca0d53
tiyan618,46jbqd,4b49dd95-b56c-4b4a-8ab0-6920ff118fa1
tiyan619,m6798f,fcf1c395-3d7c-4e80-8bc3-bb0c2029708a
tiyan620,5mpvij,a5773993-2535-46bb-adff-14a348140e27
tiyan621,0fhl9o,165fc8ab-5dd9-491f-9b45-476bddbda67b
tiyan622,e2fj4p,9a44363d-f667-422f-aa6c-5c7a01d18b69
tiyan623,zgscwi,82ed112c-a918-4f6d-92e6-701976f35650
tiyan624,2mllir,ed8aa67d-d30e-4c45-9d4f-aeb2e00743b5
tiyan625,rhzxel,b557e26c-2a4d-4fec-b7c5-de48c86bb3ec
tiyan626,779zkl,0332a68d-0763-490c-a2a7-d3d16cc2f71e
tiyan627,5vranu,365edabb-6fbe-4554-96d9-928c2708d6c5
tiyan628,4e46ou,dcb332f5-fed4-4e13-b5f2-f257198a719c
tiyan629,ebi4tv,5ccbcf56-6bc2-463b-a4dc-44e5e3ca1000
tiyan630,ulxfa3,1c3b5545-c188-4a8a-8397-b039d23723bb
tiyan631,7j81qn,df01eb53-3c20-4155-ada7-2ec8601f1d99
tiyan632,zyt8kv,aab49618-8766-4e67-aa07-2c34a29b9187
tiyan633,pfifkj,2e927b94-4cf1-43c1-9355-9f5e6a2580de
tiyan634,2h3ljl,a2196da6-b06a-4c89-b98c-52acbec2fbf3
tiyan635,w5hybn,580b2e51-c9e5-4aea-ba44-f008bd0ebbe3
tiyan636,218fvx,f0e92a11-46c6-4956-a4ab-9ceaca1e54ec
tiyan637,3t2fin,b9039515-166e-4133-b0b2-8fe2295565d0
tiyan638,hsmhcn,e7d5fdd4-175c-46e5-812a-b0c847b6c164
tiyan639,xhfis3,b3c07123-de71-4612-b1a9-c6a986e30cc2
tiyan640,ilej5d,e547bab2-36ab-49f0-b7ce-327e09a591e6
tiyan641,nsrc60,9b737bf3-4ebe-40f1-bbed-7d7f394c0ecf
tiyan642,dsqvhs,d5909e44-6d26-4d3b-b75c-b6428774d4ef
tiyan643,bv45hh,052f0e77-4685-4a67-ac49-6d068bd4e5a3
tiyan644,c3v4b1,08b16419-d489-443c-8560-1f520fe716ec
tiyan645,og7emd,7dce229d-c910-46e3-91f0-1c5e31acc9dc
tiyan646,p9bzlz,e5006964-d775-47d0-9a4d-3f5eaa82ba4a
tiyan647,p5qmj8,3a293c34-e452-4f4b-b751-3baf21ed3d93
tiyan648,5ni0cn,ee43d9bb-5cb7-4e88-a422-2ee226588787
tiyan649,q6gxlk,b2e5dd3e-264f-4f5e-b2e0-e15660170989
tiyan650,9rvclh,b469cfe1-ad7c-4510-be2a-d44f644b3048
tiyan651,0athaw,b21d2c2a-8719-4d67-b878-20a63fc089c7
tiyan652,94rpl7,bdafe4c7-f6c1-43c6-9ba0-c4885ac5ebc8
tiyan653,qer5ba,da32ae48-e0a6-480e-8466-ad6b7bf00e8b
tiyan654,48714i,dfafddce-6bb4-4bfa-8a58-6608ece285cc
tiyan655,u0bpa6,5800e09a-228b-49cb-a77e-534063bfdd13
tiyan656,fbtyzd,fbe64106-47a3-43c8-8e92-c5bdfcf5af9d
tiyan657,jxwh2t,2b8e2672-80d2-4300-a255-5cf82a891263
tiyan658,sfb2u4,f7d54235-cf49-4615-a67a-10657dbc9d8e
tiyan659,o4e4be,15f9d842-a16b-45fd-a315-220ec0d6d76f
tiyan660,15s5p7,9c223a81-a66b-4e39-8a76-818198cd9149
tiyan661,6xs2xx,0e107c88-ffec-4c99-9cbb-b866578794bd
tiyan662,bz06kh,5c3c95b4-299d-4122-bc65-419db784dd29
tiyan663,pvdtp2,a6a15f05-dba5-41e3-ad88-5613f65a97ec
tiyan664,9dk7rt,d2065632-c58f-4f0d-868f-05c1ff4f1db4
tiyan665,qpnr1i,99ef08c5-1404-4bd8-8293-9b42a312b152
tiyan666,4fuc2q,5c93d95a-e824-42a0-913e-59ef549a0e70
tiyan667,ooht1k,51621f1e-312c-40fa-8cf7-ec4a55f1c0e4
tiyan668,177998,e13e21f6-9694-4651-be97-d40ee7085dbb
tiyan669,2ujl7a,8cdc2270-5902-404f-b502-abe0641c6fb2
tiyan670,mvvbrd,e3fc9436-6e18-4ca3-b3c3-61a26d051e5f
tiyan671,ab4n6k,8060371d-38d1-4f42-808d-fe51de43f20c
tiyan672,s5h646,9888213a-2304-4c2a-8686-ca1a87e3f2f0
tiyan673,h8xy5s,db147831-1c24-4188-adaa-bfc0e4a4df00
tiyan674,ts61bj,13b05f52-c260-496a-a2ec-7b3c9c259802
tiyan675,9t9eyz,fbd618ba-af53-4a4f-85bf-a2d6f94e27d5
tiyan676,c7hnsq,236ca3a7-baab-42dc-b819-9b35806c153f
tiyan677,utxngh,fe31980d-81a6-4bad-80b6-03620ca13e2e
tiyan678,saf745,97e136a3-f76f-4561-9a2d-6de2824e6a30
tiyan679,27sehk,18fcefea-2d0f-49d6-a450-542c808a376b
tiyan680,2y3p67,4ef9385a-0933-44d8-b536-50a0b344d77b
tiyan681,we04ih,ebef2d18-a546-4156-9d65-e1fb9b2ff9e4
tiyan682,2s3u08,88999c8c-372c-4cd2-a157-b76c2fe95154
tiyan683,4ertqt,83e324e6-eb85-48a3-8c39-0e67c6f696c3
tiyan684,d8n82p,ed825cc0-dd92-49f4-be58-b42d965136b8
tiyan685,uto68t,6316cbec-c98b-4ce3-8816-59fce5057e45
tiyan686,m65ha3,13c7da72-68df-4aeb-99f5-2d552534cac8
tiyan687,t0rl25,16c4cb5b-bc28-4928-8267-23a303f572e8
tiyan688,utxdcz,e58e9fe7-74a3-4c5f-8799-a5d42073ab3d
tiyan689,zxzo4z,b986b44a-196c-416f-a917-13e78927f333
tiyan690,vb6wbm,80c2a7b2-524d-4a4e-a4be-566d6a8a6e23
tiyan691,q4t72q,5fc6d1f8-5510-4ce2-bc23-b5505e150a82
tiyan692,obf4t4,f51ed664-3ae1-4e30-bf57-77dea9ef4936
tiyan693,di374u,0fa2660a-7740-4a55-bc17-b0e2c1340c41
tiyan694,vpycrx,ae8cd2f0-9c41-44f3-a0d2-d26fcf4af3b0
tiyan695,vgdisr,23eb1a40-1508-403b-b929-a4f56a26548d
tiyan696,fmdsmb,635e1298-dcdb-40af-ab17-05c40dac5da7
tiyan697,is3mxf,c2e4740c-2d10-487b-83c2-fa494c94113f
tiyan698,esta1u,b830c1e9-4ea9-4b44-af85-4e17e446bb45
tiyan699,w0fodl,44fd5428-aa7e-4925-92a6-4f3c654a42c3
tiyan700,1xeber,c467e081-4e08-49f1-bcf6-94d3b4291272
